<YafSpamWordsList>
  <YafSpamWords>
    <SpamWord>kitchen.*?co.uk</SpamWord>
  </YafSpamWords>
  <YafSpamWords>
    <SpamWord>http://www.cheap-for-jerseys.com/</SpamWord>
  </YafSpamWords>
  <YafSpamWords>
    <SpamWord>http://www.wholesalejerseysclub.com/</SpamWord>
  </YafSpamWords>
  <YafSpamWords>
    <SpamWord>http://www.allcheapairmax.co.uk/</SpamWord>
  </YafSpamWords>
  <YafSpamWords>
    <SpamWord>sportschoenenoutletonlinenl</SpamWord>
  </YafSpamWords>
  <YafSpamWords>
    <SpamWord>http://www.conversecanvasshoegermany.com/</SpamWord>
  </YafSpamWords>
  <YafSpamWords>
    <SpamWord>http://www.scarpenikesaldiitalia.com</SpamWord>
  </YafSpamWords>
  <YafSpamWords>
    <SpamWord>Nike.*?air</SpamWord>
  </YafSpamWords>
  <YafSpamWords>
    <SpamWord>http://www.blazerprezzo.com</SpamWord>
  </YafSpamWords>
  <YafSpamWords>
    <SpamWord>Nike.*?free</SpamWord>
  </YafSpamWords>
  <YafSpamWords>
    <SpamWord>diesel.*?watch</SpamWord>
  </YafSpamWords>
  <YafSpamWords>
    <SpamWord>robertsb2000@gmail.com</SpamWord>
  </YafSpamWords>
  <YafSpamWords>
    <SpamWord>fake.*?passport</SpamWord>
  </YafSpamWords>
  <YafSpamWords>
    <SpamWord>http://nijia.vn/</SpamWord>
  </YafSpamWords>
  <YafSpamWords>
    <SpamWord>http://www.umetion.jp/</SpamWord>
  </YafSpamWords>
  <YafSpamWords>
    <SpamWord>buy.*?passport</SpamWord>
  </YafSpamWords>
  <YafSpamWords>
    <SpamWord>http://support.nitropdf.com/</SpamWord>
  </YafSpamWords>
  <YafSpamWords>
    <SpamWord>oz.*?mobile.*?phone</SpamWord>
  </YafSpamWords>
  <YafSpamWords>
    <SpamWord>http://blog.livedoor.jp/dentalsale/</SpamWord>
  </YafSpamWords>
  <YafSpamWords>
    <SpamWord>http://www.soran.edu.iq/</SpamWord>
  </YafSpamWords>
  <YafSpamWords>
    <SpamWord>Pandora.*?bracelets</SpamWord>
  </YafSpamWords>
  <YafSpamWords>
    <SpamWord>http://www.silvercharmsdiy.co.uk/</SpamWord>
  </YafSpamWords>
  <YafSpamWords>
    <SpamWord>http://twittyup.com</SpamWord>
  </YafSpamWords>
  <YafSpamWords>
    <SpamWord>http://www.fifa15coinsok.com/</SpamWord>
  </YafSpamWords>
  <YafSpamWords>
    <SpamWord>http://www.onlinexdating.com/</SpamWord>
  </YafSpamWords>
  <YafSpamWords>
    <SpamWord>http://www.unionbay.se.com/</SpamWord>
  </YafSpamWords>
  <YafSpamWords>
    <SpamWord>http://www.online12monthloans.co.uk/</SpamWord>
  </YafSpamWords>
  <YafSpamWords>
    <SpamWord>http://www.quick12monthpaydayloans.co.uk/</SpamWord>
  </YafSpamWords>
  <YafSpamWords>
    <SpamWord>http://www.honeysneakers.de/</SpamWord>
  </YafSpamWords>
  <YafSpamWords>
    <SpamWord>http://www.e12monthpaydayloans7.co.uk/</SpamWord>
  </YafSpamWords>
  <YafSpamWords>
    <SpamWord>http://www.moneyonlineinvestment.com/</SpamWord>
  </YafSpamWords>
</YafSpamWordsList>